,Compound,Negative,Neutral,News Org,Positive,TimeStamp,Tweets Ago
0,-0.6486,0.677,0.323,@BBCWorld,0.0,Thu Aug 23 23:06:21 +0000 2018,1
1,-0.8176,0.516,0.484,@BBCWorld,0.0,Thu Aug 23 23:03:31 +0000 2018,2
2,0.0,1.0,0.0,@BBCWorld,0.0,Thu Aug 23 22:52:26 +0000 2018,3
3,0.0,1.0,0.0,@BBCWorld,0.0,Thu Aug 23 22:23:28 +0000 2018,4
4,-0.0516,0.893,0.107,@BBCWorld,0.0,Thu Aug 23 21:54:22 +0000 2018,5
5,-0.6705,0.667,0.333,@BBCWorld,0.0,Thu Aug 23 21:49:26 +0000 2018,6
6,0.0,1.0,0.0,@BBCWorld,0.0,Thu Aug 23 21:09:50 +0000 2018,7
7,-0.4019,0.722,0.278,@BBCWorld,0.0,Thu Aug 23 20:47:04 +0000 2018,8
8,0.0,1.0,0.0,@BBCWorld,0.0,Thu Aug 23 20:46:00 +0000 2018,9
9,-0.25,0.439,0.368,@BBCWorld,0.193,Thu Aug 23 20:31:11 +0000 2018,10
10,-0.9042,0.385,0.615,@BBCWorld,0.0,Thu Aug 23 20:07:05 +0000 2018,11
11,0.4019,0.787,0.0,@BBCWorld,0.213,Thu Aug 23 19:51:03 +0000 2018,12
12,0.0,1.0,0.0,@BBCWorld,0.0,Thu Aug 23 19:37:46 +0000 2018,13
13,0.0,1.0,0.0,@BBCWorld,0.0,Thu Aug 23 19:12:07 +0000 2018,14
14,-0.3182,0.777,0.223,@BBCWorld,0.0,Thu Aug 23 19:10:15 +0000 2018,15
15,0.5267,0.833,0.0,@BBCWorld,0.167,Thu Aug 23 18:47:14 +0000 2018,16
16,-0.5574,0.635,0.365,@BBCWorld,0.0,Thu Aug 23 18:40:48 +0000 2018,17
17,0.0,1.0,0.0,@BBCWorld,0.0,Thu Aug 23 18:10:34 +0000 2018,18
18,-0.8625,0.482,0.518,@BBCWorld,0.0,Thu Aug 23 17:13:10 +0000 2018,19
19,0.0,1.0,0.0,@BBCWorld,0.0,Thu Aug 23 16:50:02 +0000 2018,20
20,0.4019,0.787,0.0,@BBCWorld,0.213,Thu Aug 23 16:36:36 +0000 2018,21
21,0.0,1.0,0.0,@BBCWorld,0.0,Thu Aug 23 16:33:43 +0000 2018,22
22,-0.4215,0.781,0.219,@BBCWorld,0.0,Thu Aug 23 16:30:18 +0000 2018,23
23,-0.6705,0.71,0.29,@BBCWorld,0.0,Thu Aug 23 15:30:50 +0000 2018,24
24,0.0,1.0,0.0,@BBCWorld,0.0,Thu Aug 23 15:30:42 +0000 2018,25
25,0.0,1.0,0.0,@BBCWorld,0.0,Thu Aug 23 15:30:36 +0000 2018,26
26,-0.5994,0.822,0.178,@BBCWorld,0.0,Thu Aug 23 15:17:07 +0000 2018,27
27,0.128,0.559,0.207,@BBCWorld,0.235,Thu Aug 23 14:48:27 +0000 2018,28
28,-0.3612,0.894,0.106,@BBCWorld,0.0,Thu Aug 23 13:53:17 +0000 2018,29
29,-0.5106,0.82,0.18,@BBCWorld,0.0,Thu Aug 23 13:26:10 +0000 2018,30
30,0.0,1.0,0.0,@BBCWorld,0.0,Thu Aug 23 13:16:44 +0000 2018,31
31,0.0,1.0,0.0,@BBCWorld,0.0,Thu Aug 23 12:39:34 +0000 2018,32
32,-0.25,0.778,0.222,@BBCWorld,0.0,Thu Aug 23 11:32:01 +0000 2018,33
33,-0.8074,0.576,0.362,@BBCWorld,0.062,Thu Aug 23 10:56:14 +0000 2018,34
34,-0.8689,0.683,0.317,@BBCWorld,0.0,Thu Aug 23 10:46:12 +0000 2018,35
35,-0.8316,0.685,0.315,@BBCWorld,0.0,Thu Aug 23 09:54:43 +0000 2018,36
36,-0.9246,0.472,0.528,@BBCWorld,0.0,Thu Aug 23 09:35:48 +0000 2018,37
37,0.0,1.0,0.0,@BBCWorld,0.0,Thu Aug 23 09:16:19 +0000 2018,38
38,0.0,1.0,0.0,@BBCWorld,0.0,Thu Aug 23 09:10:34 +0000 2018,39
39,-0.2732,0.84,0.16,@BBCWorld,0.0,Thu Aug 23 08:43:11 +0000 2018,40
40,-0.6705,0.71,0.29,@BBCWorld,0.0,Thu Aug 23 08:33:26 +0000 2018,41
41,0.2598,0.887,0.0,@BBCWorld,0.113,Thu Aug 23 08:12:51 +0000 2018,42
42,-0.5574,0.753,0.247,@BBCWorld,0.0,Thu Aug 23 07:35:36 +0000 2018,43
43,0.0,1.0,0.0,@BBCWorld,0.0,Thu Aug 23 07:28:37 +0000 2018,44
44,0.0,1.0,0.0,@BBCWorld,0.0,Thu Aug 23 07:18:54 +0000 2018,45
45,-0.765,0.694,0.306,@BBCWorld,0.0,Thu Aug 23 05:14:44 +0000 2018,46
46,0.5334,0.762,0.0,@BBCWorld,0.238,Thu Aug 23 04:15:25 +0000 2018,47
47,0.1027,0.694,0.12,@BBCWorld,0.185,Thu Aug 23 02:28:47 +0000 2018,48
48,-0.2023,0.629,0.199,@BBCWorld,0.171,Thu Aug 23 02:20:04 +0000 2018,49
49,0.0,1.0,0.0,@BBCWorld,0.0,Thu Aug 23 00:28:17 +0000 2018,50
50,0.5106,0.708,0.0,@BBCWorld,0.292,Thu Aug 23 00:22:47 +0000 2018,51
51,0.0772,0.86,0.0,@BBCWorld,0.14,Wed Aug 22 23:48:29 +0000 2018,52
52,-0.5994,0.506,0.494,@BBCWorld,0.0,Wed Aug 22 23:29:30 +0000 2018,53
53,-0.3875,0.774,0.226,@BBCWorld,0.0,Wed Aug 22 23:01:35 +0000 2018,54
54,0.0,1.0,0.0,@BBCWorld,0.0,Wed Aug 22 22:24:04 +0000 2018,55
55,0.0,1.0,0.0,@BBCWorld,0.0,Wed Aug 22 21:33:13 +0000 2018,56
56,0.3612,0.898,0.0,@BBCWorld,0.102,Wed Aug 22 21:03:07 +0000 2018,57
57,0.0,1.0,0.0,@BBCWorld,0.0,Wed Aug 22 20:27:02 +0000 2018,58
58,-0.8555,0.39,0.61,@BBCWorld,0.0,Wed Aug 22 20:14:03 +0000 2018,59
59,0.5106,0.845,0.0,@BBCWorld,0.155,Wed Aug 22 19:15:24 +0000 2018,60
60,0.0,1.0,0.0,@BBCWorld,0.0,Wed Aug 22 18:59:06 +0000 2018,61
61,0.7184,0.714,0.0,@BBCWorld,0.286,Wed Aug 22 18:47:08 +0000 2018,62
62,0.2153,0.643,0.163,@BBCWorld,0.195,Wed Aug 22 18:32:26 +0000 2018,63
63,-0.6249,0.797,0.203,@BBCWorld,0.0,Wed Aug 22 18:31:58 +0000 2018,64
64,-0.34,0.714,0.286,@BBCWorld,0.0,Wed Aug 22 18:29:27 +0000 2018,65
65,-0.6369,0.634,0.366,@BBCWorld,0.0,Wed Aug 22 18:06:05 +0000 2018,66
66,0.5574,0.69,0.0,@BBCWorld,0.31,Wed Aug 22 17:58:12 +0000 2018,67
67,0.0,1.0,0.0,@BBCWorld,0.0,Wed Aug 22 17:22:58 +0000 2018,68
68,0.2732,0.56,0.176,@BBCWorld,0.264,Wed Aug 22 16:54:36 +0000 2018,69
69,0.2263,0.921,0.0,@BBCWorld,0.079,Wed Aug 22 16:36:12 +0000 2018,70
70,0.0,1.0,0.0,@BBCWorld,0.0,Wed Aug 22 16:34:14 +0000 2018,71
71,-0.3182,0.859,0.141,@BBCWorld,0.0,Wed Aug 22 16:01:06 +0000 2018,72
72,-0.7845,0.603,0.397,@BBCWorld,0.0,Wed Aug 22 15:58:07 +0000 2018,73
73,0.0,1.0,0.0,@BBCWorld,0.0,Wed Aug 22 15:56:52 +0000 2018,74
74,-0.5574,0.69,0.31,@BBCWorld,0.0,Wed Aug 22 15:49:05 +0000 2018,75
75,0.0,1.0,0.0,@BBCWorld,0.0,Wed Aug 22 15:13:03 +0000 2018,76
76,0.0,1.0,0.0,@BBCWorld,0.0,Wed Aug 22 15:08:19 +0000 2018,77
77,-0.6786,0.686,0.314,@BBCWorld,0.0,Wed Aug 22 14:59:06 +0000 2018,78
78,-0.296,0.905,0.095,@BBCWorld,0.0,Wed Aug 22 14:36:02 +0000 2018,79
79,0.2235,0.788,0.0,@BBCWorld,0.212,Wed Aug 22 13:54:04 +0000 2018,80
80,0.0,1.0,0.0,@BBCWorld,0.0,Wed Aug 22 13:35:26 +0000 2018,81
81,0.0,1.0,0.0,@BBCWorld,0.0,Wed Aug 22 13:35:02 +0000 2018,82
82,0.0772,0.874,0.0,@BBCWorld,0.126,Wed Aug 22 13:34:47 +0000 2018,83
83,0.0,1.0,0.0,@BBCWorld,0.0,Wed Aug 22 13:33:29 +0000 2018,84
84,-0.7506,0.632,0.368,@BBCWorld,0.0,Wed Aug 22 13:25:06 +0000 2018,85
85,-0.7269,0.567,0.433,@BBCWorld,0.0,Wed Aug 22 13:22:21 +0000 2018,86
86,0.0,1.0,0.0,@BBCWorld,0.0,Wed Aug 22 12:14:53 +0000 2018,87
87,0.0,1.0,0.0,@BBCWorld,0.0,Wed Aug 22 12:09:54 +0000 2018,88
88,-0.7845,0.504,0.496,@BBCWorld,0.0,Wed Aug 22 11:49:08 +0000 2018,89
89,0.0772,0.843,0.0,@BBCWorld,0.157,Wed Aug 22 11:18:14 +0000 2018,90
90,0.0,1.0,0.0,@BBCWorld,0.0,Wed Aug 22 11:15:21 +0000 2018,91
91,0.0,1.0,0.0,@BBCWorld,0.0,Wed Aug 22 10:43:44 +0000 2018,92
92,-0.4215,0.763,0.237,@BBCWorld,0.0,Wed Aug 22 10:29:33 +0000 2018,93
93,0.0,1.0,0.0,@BBCWorld,0.0,Wed Aug 22 09:57:51 +0000 2018,94
94,0.0,1.0,0.0,@BBCWorld,0.0,Wed Aug 22 09:47:33 +0000 2018,95
95,0.296,0.6,0.16,@BBCWorld,0.24,Wed Aug 22 08:31:10 +0000 2018,96
96,0.0,1.0,0.0,@BBCWorld,0.0,Wed Aug 22 07:30:09 +0000 2018,97
97,0.0,1.0,0.0,@BBCWorld,0.0,Wed Aug 22 07:29:20 +0000 2018,98
98,0.3182,0.813,0.0,@BBCWorld,0.187,Wed Aug 22 05:53:53 +0000 2018,99
99,0.3818,0.833,0.0,@BBCWorld,0.167,Wed Aug 22 03:38:04 +0000 2018,100
100,0.0,1.0,0.0,@CBS,0.0,Wed Aug 22 20:55:25 +0000 2018,1
101,0.0,1.0,0.0,@CBS,0.0,Wed Aug 22 20:10:12 +0000 2018,2
102,0.5423,0.829,0.0,@CBS,0.171,Mon Aug 20 21:59:56 +0000 2018,3
103,0.3182,0.887,0.0,@CBS,0.113,Fri Aug 17 17:42:02 +0000 2018,4
104,0.0,1.0,0.0,@CBS,0.0,Thu Aug 16 18:40:09 +0000 2018,5
105,-0.5267,0.72,0.188,@CBS,0.092,Thu Aug 16 00:09:03 +0000 2018,6
106,0.0,1.0,0.0,@CBS,0.0,Sun Aug 12 23:30:02 +0000 2018,7
107,0.4389,0.874,0.0,@CBS,0.126,Sun Aug 12 15:04:59 +0000 2018,8
108,-0.3182,0.897,0.103,@CBS,0.0,Sat Aug 11 18:00:00 +0000 2018,9
109,0.4926,0.856,0.0,@CBS,0.144,Sat Aug 11 15:00:02 +0000 2018,10
110,0.8957,0.581,0.0,@CBS,0.419,Fri Aug 10 22:28:55 +0000 2018,11
111,0.0,1.0,0.0,@CBS,0.0,Fri Aug 10 19:59:14 +0000 2018,12
112,0.6696,0.745,0.0,@CBS,0.255,Thu Aug 09 21:00:00 +0000 2018,13
113,0.7901,0.72,0.0,@CBS,0.28,Thu Aug 09 18:47:00 +0000 2018,14
114,0.6696,0.791,0.0,@CBS,0.209,Wed Aug 08 16:05:11 +0000 2018,15
115,0.0,1.0,0.0,@CBS,0.0,Tue Aug 07 16:06:57 +0000 2018,16
116,0.3612,0.889,0.0,@CBS,0.111,Mon Aug 06 00:20:55 +0000 2018,17
117,0.5411,0.683,0.098,@CBS,0.219,Mon Aug 06 00:07:38 +0000 2018,18
118,0.3818,0.894,0.0,@CBS,0.106,Mon Aug 06 00:02:58 +0000 2018,19
119,0.5093,0.845,0.0,@CBS,0.155,Mon Aug 06 00:02:02 +0000 2018,20
120,0.0,1.0,0.0,@CBS,0.0,Sun Aug 05 23:58:41 +0000 2018,21
121,0.8316,0.694,0.0,@CBS,0.306,Sun Aug 05 23:44:39 +0000 2018,22
122,0.0,1.0,0.0,@CBS,0.0,Sun Aug 05 23:41:21 +0000 2018,23
123,0.5994,0.843,0.0,@CBS,0.157,Sun Aug 05 23:35:49 +0000 2018,24
124,0.0,1.0,0.0,@CBS,0.0,Sun Aug 05 23:35:46 +0000 2018,25
125,0.5826,0.827,0.0,@CBS,0.173,Sun Aug 05 23:16:25 +0000 2018,26
126,-0.5093,0.798,0.202,@CBS,0.0,Sun Aug 05 23:12:39 +0000 2018,27
127,0.0,1.0,0.0,@CBS,0.0,Sun Aug 05 23:10:20 +0000 2018,28
128,0.6041,0.775,0.0,@CBS,0.225,Sun Aug 05 23:05:58 +0000 2018,29
129,0.3802,0.853,0.0,@CBS,0.147,Sun Aug 05 23:01:25 +0000 2018,30
130,-0.2057,0.917,0.083,@CBS,0.0,Sun Aug 05 22:58:41 +0000 2018,31
131,0.0,1.0,0.0,@CBS,0.0,Sun Aug 05 22:58:36 +0000 2018,32
132,-0.0572,0.936,0.064,@CBS,0.0,Sun Aug 05 22:53:12 +0000 2018,33
133,-0.3612,0.82,0.121,@CBS,0.059,Sun Aug 05 22:52:24 +0000 2018,34
134,0.4939,0.862,0.0,@CBS,0.138,Sun Aug 05 22:49:06 +0000 2018,35
135,0.0,1.0,0.0,@CBS,0.0,Sun Aug 05 22:46:49 +0000 2018,36
136,0.4926,0.825,0.0,@CBS,0.175,Sun Aug 05 22:32:37 +0000 2018,37
137,0.2732,0.877,0.0,@CBS,0.123,Sun Aug 05 22:32:30 +0000 2018,38
138,0.2716,0.905,0.0,@CBS,0.095,Sun Aug 05 22:16:36 +0000 2018,39
139,-0.4973,0.867,0.133,@CBS,0.0,Sun Aug 05 22:16:29 +0000 2018,40
140,0.0,1.0,0.0,@CBS,0.0,Sun Aug 05 22:16:19 +0000 2018,41
141,-0.4019,0.886,0.114,@CBS,0.0,Sun Aug 05 22:05:44 +0000 2018,42
142,-0.6908,0.793,0.207,@CBS,0.0,Sun Aug 05 22:00:47 +0000 2018,43
143,0.0,1.0,0.0,@CBS,0.0,Sun Aug 05 21:48:41 +0000 2018,44
144,0.8555,0.714,0.0,@CBS,0.286,Sun Aug 05 21:48:36 +0000 2018,45
145,0.5994,0.766,0.0,@CBS,0.234,Sun Aug 05 21:48:29 +0000 2018,46
146,0.6124,0.792,0.0,@CBS,0.208,Sun Aug 05 21:31:15 +0000 2018,47
147,-0.2748,0.742,0.153,@CBS,0.105,Sun Aug 05 20:58:52 +0000 2018,48
148,0.0,1.0,0.0,@CBS,0.0,Sun Aug 05 20:56:17 +0000 2018,49
149,-0.4588,0.875,0.125,@CBS,0.0,Sun Aug 05 20:10:33 +0000 2018,50
150,0.0,1.0,0.0,@CBS,0.0,Sun Aug 05 19:43:38 +0000 2018,51
151,0.0,1.0,0.0,@CBS,0.0,Sun Aug 05 19:22:22 +0000 2018,52
152,0.6249,0.796,0.0,@CBS,0.204,Sun Aug 05 19:21:28 +0000 2018,53
153,0.1384,0.823,0.079,@CBS,0.098,Sun Aug 05 19:16:45 +0000 2018,54
154,0.0,1.0,0.0,@CBS,0.0,Sun Aug 05 19:15:53 +0000 2018,55
155,0.4588,0.818,0.0,@CBS,0.182,Sun Aug 05 18:54:24 +0000 2018,56
156,0.0,1.0,0.0,@CBS,0.0,Sun Aug 05 18:01:09 +0000 2018,57
157,0.0,1.0,0.0,@CBS,0.0,Sun Aug 05 17:55:07 +0000 2018,58
158,0.0,1.0,0.0,@CBS,0.0,Sun Aug 05 17:51:13 +0000 2018,59
159,0.0,1.0,0.0,@CBS,0.0,Sun Aug 05 17:47:01 +0000 2018,60
160,-0.0018,0.853,0.074,@CBS,0.073,Sun Aug 05 17:39:48 +0000 2018,61
161,0.0,1.0,0.0,@CBS,0.0,Sun Aug 05 17:28:37 +0000 2018,62
162,-0.0602,0.599,0.219,@CBS,0.182,Sun Aug 05 17:28:03 +0000 2018,63
163,0.1761,0.735,0.105,@CBS,0.16,Sun Aug 05 17:27:46 +0000 2018,64
164,0.1027,0.767,0.11,@CBS,0.123,Sun Aug 05 17:27:41 +0000 2018,65
165,0.0498,0.746,0.123,@CBS,0.13,Sun Aug 05 17:27:31 +0000 2018,66
166,0.6114,0.818,0.0,@CBS,0.182,Sun Aug 05 14:47:12 +0000 2018,67
167,0.2263,0.917,0.0,@CBS,0.083,Sat Aug 04 22:57:37 +0000 2018,68
168,0.0,1.0,0.0,@CBS,0.0,Sat Aug 04 00:24:55 +0000 2018,69
169,0.6124,0.76,0.0,@CBS,0.24,Fri Aug 03 22:34:08 +0000 2018,70
170,0.9098,0.531,0.0,@CBS,0.469,Tue Jul 31 21:02:33 +0000 2018,71
171,0.34,0.876,0.0,@CBS,0.124,Sat Jul 28 16:43:56 +0000 2018,72
172,0.5707,0.813,0.0,@CBS,0.187,Wed Jul 25 17:25:36 +0000 2018,73
173,0.0,1.0,0.0,@CBS,0.0,Wed Jul 25 15:12:31 +0000 2018,74
174,0.34,0.882,0.0,@CBS,0.118,Wed Jul 25 01:05:03 +0000 2018,75
175,-0.1511,0.834,0.099,@CBS,0.068,Tue Jul 24 18:54:14 +0000 2018,76
176,0.8293,0.66,0.0,@CBS,0.34,Mon Jul 23 21:30:33 +0000 2018,77
177,0.128,0.927,0.0,@CBS,0.073,Sun Jul 22 01:56:13 +0000 2018,78
178,-0.296,0.891,0.109,@CBS,0.0,Sat Jul 21 00:55:28 +0000 2018,79
179,-0.296,0.891,0.109,@CBS,0.0,Sat Jul 21 00:19:12 +0000 2018,80
180,-0.7964,0.736,0.264,@CBS,0.0,Sat Jul 21 00:10:00 +0000 2018,81
181,-0.6597,0.82,0.18,@CBS,0.0,Fri Jul 20 23:44:54 +0000 2018,82
182,0.3182,0.905,0.0,@CBS,0.095,Fri Jul 20 22:29:36 +0000 2018,83
183,0.0,1.0,0.0,@CBS,0.0,Fri Jul 20 21:39:09 +0000 2018,84
184,0.0,1.0,0.0,@CBS,0.0,Fri Jul 20 15:08:23 +0000 2018,85
185,0.0,1.0,0.0,@CBS,0.0,Tue Jul 17 17:55:25 +0000 2018,86
186,0.0,1.0,0.0,@CBS,0.0,Tue Jul 17 17:22:29 +0000 2018,87
187,0.0,1.0,0.0,@CBS,0.0,Tue Jul 17 17:22:29 +0000 2018,88
188,0.0,1.0,0.0,@CBS,0.0,Tue Jul 17 17:22:29 +0000 2018,89
189,0.0,1.0,0.0,@CBS,0.0,Tue Jul 17 17:22:29 +0000 2018,90
190,0.0,1.0,0.0,@CBS,0.0,Tue Jul 17 17:22:29 +0000 2018,91
191,0.0,1.0,0.0,@CBS,0.0,Tue Jul 17 17:22:28 +0000 2018,92
192,0.0,1.0,0.0,@CBS,0.0,Tue Jul 17 17:22:28 +0000 2018,93
193,0.0,1.0,0.0,@CBS,0.0,Tue Jul 17 17:22:28 +0000 2018,94
194,0.0,1.0,0.0,@CBS,0.0,Tue Jul 17 17:22:28 +0000 2018,95
195,0.0,1.0,0.0,@CBS,0.0,Tue Jul 17 17:22:28 +0000 2018,96
196,0.0,1.0,0.0,@CBS,0.0,Tue Jul 17 17:22:28 +0000 2018,97
197,0.0,1.0,0.0,@CBS,0.0,Tue Jul 17 17:22:27 +0000 2018,98
198,0.0,1.0,0.0,@CBS,0.0,Tue Jul 17 17:22:27 +0000 2018,99
199,0.0,1.0,0.0,@CBS,0.0,Tue Jul 17 17:22:27 +0000 2018,100
200,0.4215,0.859,0.0,@CNNi,0.141,Thu Aug 23 23:31:49 +0000 2018,1
201,-0.1531,0.68,0.175,@CNNi,0.146,Thu Aug 23 23:15:13 +0000 2018,2
202,0.0516,0.812,0.09,@CNNi,0.098,Thu Aug 23 23:09:27 +0000 2018,3
203,0.1779,0.769,0.1,@CNNi,0.131,Thu Aug 23 23:07:00 +0000 2018,4
204,0.0,1.0,0.0,@CNNi,0.0,Thu Aug 23 22:54:17 +0000 2018,5
205,-0.2263,0.913,0.087,@CNNi,0.0,Thu Aug 23 22:51:05 +0000 2018,6
206,0.0,1.0,0.0,@CNNi,0.0,Thu Aug 23 22:31:40 +0000 2018,7
207,0.2263,0.905,0.0,@CNNi,0.095,Thu Aug 23 21:56:11 +0000 2018,8
208,0.0,1.0,0.0,@CNNi,0.0,Thu Aug 23 21:47:49 +0000 2018,9
209,0.0,1.0,0.0,@CNNi,0.0,Thu Aug 23 21:47:20 +0000 2018,10
210,-0.3182,0.778,0.136,@CNNi,0.086,Thu Aug 23 21:44:39 +0000 2018,11
211,0.0,1.0,0.0,@CNNi,0.0,Thu Aug 23 21:16:58 +0000 2018,12
212,0.0,1.0,0.0,@CNNi,0.0,Thu Aug 23 21:13:24 +0000 2018,13
213,0.0,1.0,0.0,@CNNi,0.0,Thu Aug 23 20:53:50 +0000 2018,14
214,-0.7184,0.769,0.231,@CNNi,0.0,Thu Aug 23 20:13:23 +0000 2018,15
215,-0.3612,0.704,0.183,@CNNi,0.113,Thu Aug 23 20:13:15 +0000 2018,16
216,0.0,1.0,0.0,@CNNi,0.0,Thu Aug 23 20:05:51 +0000 2018,17
217,0.4404,0.804,0.0,@CNNi,0.196,Thu Aug 23 19:21:53 +0000 2018,18
218,-0.8021,0.603,0.397,@CNNi,0.0,Thu Aug 23 19:15:25 +0000 2018,19
219,-0.1027,0.909,0.091,@CNNi,0.0,Thu Aug 23 18:53:14 +0000 2018,20
220,0.0,1.0,0.0,@CNNi,0.0,Thu Aug 23 18:42:05 +0000 2018,21
221,0.25,0.895,0.0,@CNNi,0.105,Thu Aug 23 18:32:08 +0000 2018,22
222,0.0,1.0,0.0,@CNNi,0.0,Thu Aug 23 17:54:33 +0000 2018,23
223,0.0,1.0,0.0,@CNNi,0.0,Thu Aug 23 17:39:34 +0000 2018,24
224,0.6369,0.741,0.0,@CNNi,0.259,Thu Aug 23 17:27:55 +0000 2018,25
225,0.3047,0.719,0.135,@CNNi,0.146,Thu Aug 23 17:16:13 +0000 2018,26
226,-0.296,0.901,0.099,@CNNi,0.0,Thu Aug 23 17:00:11 +0000 2018,27
227,0.6249,0.806,0.0,@CNNi,0.194,Thu Aug 23 16:46:59 +0000 2018,28
228,-0.3612,0.857,0.143,@CNNi,0.0,Thu Aug 23 16:28:42 +0000 2018,29
229,0.4019,0.876,0.0,@CNNi,0.124,Thu Aug 23 16:17:47 +0000 2018,30
230,0.0,1.0,0.0,@CNNi,0.0,Thu Aug 23 15:57:38 +0000 2018,31
231,-0.6369,0.634,0.366,@CNNi,0.0,Thu Aug 23 15:48:05 +0000 2018,32
232,0.0,1.0,0.0,@CNNi,0.0,Thu Aug 23 15:34:36 +0000 2018,33
233,0.4215,0.865,0.0,@CNNi,0.135,Thu Aug 23 15:21:00 +0000 2018,34
234,0.0,1.0,0.0,@CNNi,0.0,Thu Aug 23 15:20:19 +0000 2018,35
235,-0.5267,0.848,0.152,@CNNi,0.0,Thu Aug 23 15:00:54 +0000 2018,36
236,0.0,1.0,0.0,@CNNi,0.0,Thu Aug 23 14:53:55 +0000 2018,37
237,0.0,1.0,0.0,@CNNi,0.0,Thu Aug 23 14:44:35 +0000 2018,38
238,0.0,1.0,0.0,@CNNi,0.0,Thu Aug 23 14:29:25 +0000 2018,39
239,0.2263,0.826,0.0,@CNNi,0.174,Thu Aug 23 14:17:42 +0000 2018,40
240,0.3612,0.902,0.0,@CNNi,0.098,Thu Aug 23 14:16:00 +0000 2018,41
241,-0.4588,0.833,0.167,@CNNi,0.0,Thu Aug 23 14:08:13 +0000 2018,42
242,0.0,1.0,0.0,@CNNi,0.0,Thu Aug 23 13:59:53 +0000 2018,43
243,-0.296,0.896,0.104,@CNNi,0.0,Thu Aug 23 13:46:42 +0000 2018,44
244,0.0,1.0,0.0,@CNNi,0.0,Thu Aug 23 13:37:13 +0000 2018,45
245,-0.2732,0.89,0.11,@CNNi,0.0,Thu Aug 23 13:35:38 +0000 2018,46
246,0.3047,0.719,0.135,@CNNi,0.146,Thu Aug 23 13:24:50 +0000 2018,47
247,0.0,1.0,0.0,@CNNi,0.0,Thu Aug 23 13:12:06 +0000 2018,48
248,0.128,0.783,0.097,@CNNi,0.12,Thu Aug 23 13:01:22 +0000 2018,49
249,-0.7184,0.667,0.333,@CNNi,0.0,Thu Aug 23 12:40:38 +0000 2018,50
250,-0.8271,0.619,0.304,@CNNi,0.077,Thu Aug 23 12:22:24 +0000 2018,51
251,0.0,1.0,0.0,@CNNi,0.0,Thu Aug 23 12:21:07 +0000 2018,52
252,-0.7845,0.699,0.301,@CNNi,0.0,Thu Aug 23 12:19:31 +0000 2018,53
253,0.0,1.0,0.0,@CNNi,0.0,Thu Aug 23 12:09:26 +0000 2018,54
254,0.4215,0.872,0.0,@CNNi,0.128,Thu Aug 23 11:45:08 +0000 2018,55
255,0.0,1.0,0.0,@CNNi,0.0,Thu Aug 23 11:36:06 +0000 2018,56
256,0.0,0.682,0.136,@CNNi,0.182,Thu Aug 23 11:30:08 +0000 2018,57
257,0.0,1.0,0.0,@CNNi,0.0,Thu Aug 23 11:22:13 +0000 2018,58
258,0.0,1.0,0.0,@CNNi,0.0,Thu Aug 23 11:12:45 +0000 2018,59
259,-0.5719,0.558,0.3,@CNNi,0.142,Thu Aug 23 10:52:43 +0000 2018,60
260,-0.4767,0.766,0.167,@CNNi,0.067,Thu Aug 23 10:46:04 +0000 2018,61
261,0.8979,0.609,0.0,@CNNi,0.391,Thu Aug 23 10:35:23 +0000 2018,62
262,0.34,0.888,0.0,@CNNi,0.112,Thu Aug 23 10:30:12 +0000 2018,63
263,0.0,1.0,0.0,@CNNi,0.0,Thu Aug 23 10:17:02 +0000 2018,64
264,0.0191,0.7,0.148,@CNNi,0.153,Thu Aug 23 10:05:04 +0000 2018,65
265,0.0,1.0,0.0,@CNNi,0.0,Thu Aug 23 09:53:51 +0000 2018,66
266,-0.9246,0.544,0.456,@CNNi,0.0,Thu Aug 23 09:34:16 +0000 2018,67
267,-0.4019,0.629,0.245,@CNNi,0.126,Thu Aug 23 09:28:18 +0000 2018,68
268,-0.7964,0.693,0.307,@CNNi,0.0,Thu Aug 23 09:08:13 +0000 2018,69
269,0.0,1.0,0.0,@CNNi,0.0,Thu Aug 23 08:46:30 +0000 2018,70
270,0.2846,0.903,0.0,@CNNi,0.097,Thu Aug 23 08:10:20 +0000 2018,71
271,-0.7184,0.727,0.273,@CNNi,0.0,Thu Aug 23 07:55:25 +0000 2018,72
272,0.0,1.0,0.0,@CNNi,0.0,Thu Aug 23 07:44:08 +0000 2018,73
273,0.0,1.0,0.0,@CNNi,0.0,Thu Aug 23 07:39:06 +0000 2018,74
274,-0.5423,0.851,0.149,@CNNi,0.0,Thu Aug 23 07:32:07 +0000 2018,75
275,0.0,1.0,0.0,@CNNi,0.0,Thu Aug 23 07:27:07 +0000 2018,76
276,-0.1655,0.816,0.111,@CNNi,0.073,Thu Aug 23 07:22:06 +0000 2018,77
277,0.0,1.0,0.0,@CNNi,0.0,Thu Aug 23 07:14:02 +0000 2018,78
278,-0.6808,0.641,0.359,@CNNi,0.0,Thu Aug 23 07:04:28 +0000 2018,79
279,0.891,0.602,0.0,@CNNi,0.398,Thu Aug 23 06:56:12 +0000 2018,80
280,0.0191,0.7,0.148,@CNNi,0.153,Thu Aug 23 06:36:41 +0000 2018,81
281,0.0,1.0,0.0,@CNNi,0.0,Thu Aug 23 06:31:06 +0000 2018,82
282,0.296,0.909,0.0,@CNNi,0.091,Thu Aug 23 06:12:09 +0000 2018,83
283,0.0,1.0,0.0,@CNNi,0.0,Thu Aug 23 06:01:00 +0000 2018,84
284,-0.7184,0.727,0.273,@CNNi,0.0,Thu Aug 23 05:59:07 +0000 2018,85
285,0.0,0.741,0.13,@CNNi,0.13,Thu Aug 23 05:46:00 +0000 2018,86
286,0.0,1.0,0.0,@CNNi,0.0,Thu Aug 23 05:31:04 +0000 2018,87
287,0.0,1.0,0.0,@CNNi,0.0,Thu Aug 23 05:16:00 +0000 2018,88
288,0.3612,0.894,0.0,@CNNi,0.106,Thu Aug 23 05:01:00 +0000 2018,89
289,-0.5423,0.851,0.149,@CNNi,0.0,Thu Aug 23 04:59:54 +0000 2018,90
290,0.0,1.0,0.0,@CNNi,0.0,Thu Aug 23 04:46:06 +0000 2018,91
291,0.0,1.0,0.0,@CNNi,0.0,Thu Aug 23 04:37:22 +0000 2018,92
292,0.0,1.0,0.0,@CNNi,0.0,Thu Aug 23 04:31:05 +0000 2018,93
293,0.34,0.888,0.0,@CNNi,0.112,Thu Aug 23 04:16:00 +0000 2018,94
294,-0.4588,0.857,0.143,@CNNi,0.0,Thu Aug 23 04:06:10 +0000 2018,95
295,0.0516,0.641,0.154,@CNNi,0.205,Thu Aug 23 04:02:11 +0000 2018,96
296,0.3612,0.8,0.0,@CNNi,0.2,Thu Aug 23 03:46:03 +0000 2018,97
297,0.8176,0.634,0.0,@CNNi,0.366,Thu Aug 23 03:31:06 +0000 2018,98
298,0.5859,0.78,0.0,@CNNi,0.22,Thu Aug 23 03:16:04 +0000 2018,99
299,-0.2732,0.896,0.104,@CNNi,0.0,Thu Aug 23 03:01:04 +0000 2018,100
300,-0.0258,0.864,0.136,@FoxNews,0.0,Thu Aug 23 23:33:46 +0000 2018,1
301,0.3182,0.744,0.098,@FoxNews,0.158,Thu Aug 23 23:20:19 +0000 2018,2
302,-0.2732,0.896,0.104,@FoxNews,0.0,Thu Aug 23 23:15:03 +0000 2018,3
303,-0.5574,0.787,0.213,@FoxNews,0.0,Thu Aug 23 23:09:29 +0000 2018,4
304,-0.5859,0.696,0.304,@FoxNews,0.0,Thu Aug 23 23:01:03 +0000 2018,5
305,0.6832,0.615,0.0,@FoxNews,0.385,Thu Aug 23 22:50:00 +0000 2018,6
306,-0.0258,0.864,0.136,@FoxNews,0.0,Thu Aug 23 22:43:51 +0000 2018,7
307,0.0,1.0,0.0,@FoxNews,0.0,Thu Aug 23 22:36:00 +0000 2018,8
308,-0.8779,0.38,0.523,@FoxNews,0.097,Thu Aug 23 22:30:11 +0000 2018,9
309,-0.802,0.581,0.419,@FoxNews,0.0,Thu Aug 23 22:24:44 +0000 2018,10
310,0.2732,0.884,0.0,@FoxNews,0.116,Thu Aug 23 22:17:30 +0000 2018,11
311,0.0,1.0,0.0,@FoxNews,0.0,Thu Aug 23 22:10:00 +0000 2018,12
312,0.0,1.0,0.0,@FoxNews,0.0,Thu Aug 23 22:05:00 +0000 2018,13
313,0.0,1.0,0.0,@FoxNews,0.0,Thu Aug 23 22:01:35 +0000 2018,14
314,0.0,1.0,0.0,@FoxNews,0.0,Thu Aug 23 22:00:01 +0000 2018,15
315,-0.0516,0.72,0.144,@FoxNews,0.136,Thu Aug 23 21:57:00 +0000 2018,16
316,-0.5994,0.692,0.308,@FoxNews,0.0,Thu Aug 23 21:54:08 +0000 2018,17
317,-0.34,0.87,0.13,@FoxNews,0.0,Thu Aug 23 21:49:11 +0000 2018,18
318,-0.25,0.778,0.222,@FoxNews,0.0,Thu Aug 23 21:45:23 +0000 2018,19
319,0.0,1.0,0.0,@FoxNews,0.0,Thu Aug 23 21:42:57 +0000 2018,20
320,-0.4404,0.788,0.153,@FoxNews,0.059,Thu Aug 23 21:26:15 +0000 2018,21
321,-0.2942,0.856,0.144,@FoxNews,0.0,Thu Aug 23 21:20:02 +0000 2018,22
322,-0.3818,0.822,0.178,@FoxNews,0.0,Thu Aug 23 21:15:42 +0000 2018,23
323,-0.4215,0.859,0.141,@FoxNews,0.0,Thu Aug 23 21:13:07 +0000 2018,24
324,-0.0772,0.902,0.098,@FoxNews,0.0,Thu Aug 23 21:09:00 +0000 2018,25
325,-0.128,0.662,0.185,@FoxNews,0.152,Thu Aug 23 21:05:48 +0000 2018,26
326,-0.5994,0.822,0.178,@FoxNews,0.0,Thu Aug 23 21:02:13 +0000 2018,27
327,-0.6369,0.658,0.342,@FoxNews,0.0,Thu Aug 23 20:50:00 +0000 2018,28
328,0.25,0.818,0.0,@FoxNews,0.182,Thu Aug 23 20:45:00 +0000 2018,29
329,-0.4404,0.838,0.162,@FoxNews,0.0,Thu Aug 23 20:40:00 +0000 2018,30
330,-0.7717,0.705,0.295,@FoxNews,0.0,Thu Aug 23 20:33:49 +0000 2018,31
331,-0.4767,0.838,0.162,@FoxNews,0.0,Thu Aug 23 20:23:00 +0000 2018,32
332,0.128,0.909,0.0,@FoxNews,0.091,Thu Aug 23 20:16:48 +0000 2018,33
333,0.0,1.0,0.0,@FoxNews,0.0,Thu Aug 23 20:11:56 +0000 2018,34
334,-0.6705,0.727,0.273,@FoxNews,0.0,Thu Aug 23 20:11:04 +0000 2018,35
335,0.0,1.0,0.0,@FoxNews,0.0,Thu Aug 23 20:05:14 +0000 2018,36
336,-0.0772,0.936,0.064,@FoxNews,0.0,Thu Aug 23 20:01:20 +0000 2018,37
337,-0.6597,0.769,0.231,@FoxNews,0.0,Thu Aug 23 19:57:00 +0000 2018,38
338,-0.765,0.742,0.258,@FoxNews,0.0,Thu Aug 23 19:56:41 +0000 2018,39
339,0.4939,0.878,0.0,@FoxNews,0.122,Thu Aug 23 19:54:59 +0000 2018,40
340,0.0,1.0,0.0,@FoxNews,0.0,Thu Aug 23 19:52:36 +0000 2018,41
341,-0.6486,0.751,0.249,@FoxNews,0.0,Thu Aug 23 19:45:31 +0000 2018,42
342,-0.1531,0.6,0.23,@FoxNews,0.17,Thu Aug 23 19:42:52 +0000 2018,43
343,0.0,1.0,0.0,@FoxNews,0.0,Thu Aug 23 19:37:08 +0000 2018,44
344,0.4588,0.8,0.0,@FoxNews,0.2,Thu Aug 23 19:32:02 +0000 2018,45
345,0.0,1.0,0.0,@FoxNews,0.0,Thu Aug 23 19:28:20 +0000 2018,46
346,-0.34,0.893,0.107,@FoxNews,0.0,Thu Aug 23 19:24:03 +0000 2018,47
347,0.0,1.0,0.0,@FoxNews,0.0,Thu Aug 23 19:20:18 +0000 2018,48
348,-0.4767,0.744,0.256,@FoxNews,0.0,Thu Aug 23 19:15:27 +0000 2018,49
349,-0.7964,0.497,0.503,@FoxNews,0.0,Thu Aug 23 18:59:00 +0000 2018,50
350,0.0,1.0,0.0,@FoxNews,0.0,Thu Aug 23 18:54:00 +0000 2018,51
351,0.0,1.0,0.0,@FoxNews,0.0,Thu Aug 23 18:48:00 +0000 2018,52
352,0.0,1.0,0.0,@FoxNews,0.0,Thu Aug 23 18:43:18 +0000 2018,53
353,-0.5423,0.64,0.36,@FoxNews,0.0,Thu Aug 23 18:35:42 +0000 2018,54
354,0.3818,0.867,0.0,@FoxNews,0.133,Thu Aug 23 18:28:23 +0000 2018,55
355,-0.34,0.821,0.179,@FoxNews,0.0,Thu Aug 23 18:25:46 +0000 2018,56
356,0.128,0.889,0.0,@FoxNews,0.111,Thu Aug 23 18:18:05 +0000 2018,57
357,-0.5994,0.822,0.178,@FoxNews,0.0,Thu Aug 23 18:10:53 +0000 2018,58
358,0.0,1.0,0.0,@FoxNews,0.0,Thu Aug 23 18:09:38 +0000 2018,59
359,-0.2023,0.847,0.153,@FoxNews,0.0,Thu Aug 23 18:08:26 +0000 2018,60
360,-0.3818,0.843,0.157,@FoxNews,0.0,Thu Aug 23 17:54:37 +0000 2018,61
361,-0.5994,0.754,0.246,@FoxNews,0.0,Thu Aug 23 17:51:53 +0000 2018,62
362,0.0,1.0,0.0,@FoxNews,0.0,Thu Aug 23 17:51:51 +0000 2018,63
363,0.0,1.0,0.0,@FoxNews,0.0,Thu Aug 23 17:47:35 +0000 2018,64
364,0.0,1.0,0.0,@FoxNews,0.0,Thu Aug 23 17:45:48 +0000 2018,65
365,0.4019,0.816,0.0,@FoxNews,0.184,Thu Aug 23 17:37:00 +0000 2018,66
366,0.6124,0.706,0.0,@FoxNews,0.294,Thu Aug 23 17:32:41 +0000 2018,67
367,0.5994,0.794,0.0,@FoxNews,0.206,Thu Aug 23 17:16:13 +0000 2018,68
368,0.0,1.0,0.0,@FoxNews,0.0,Thu Aug 23 17:06:05 +0000 2018,69
369,-0.3182,0.711,0.178,@FoxNews,0.112,Thu Aug 23 17:04:25 +0000 2018,70
370,0.0,1.0,0.0,@FoxNews,0.0,Thu Aug 23 16:50:47 +0000 2018,71
371,0.5994,0.71,0.0,@FoxNews,0.29,Thu Aug 23 16:46:47 +0000 2018,72
372,-0.4767,0.78,0.22,@FoxNews,0.0,Thu Aug 23 16:37:59 +0000 2018,73
373,0.0,1.0,0.0,@FoxNews,0.0,Thu Aug 23 16:36:38 +0000 2018,74
374,-0.0516,0.915,0.085,@FoxNews,0.0,Thu Aug 23 16:33:11 +0000 2018,75
375,0.3818,0.822,0.0,@FoxNews,0.178,Thu Aug 23 16:21:17 +0000 2018,76
376,0.0,1.0,0.0,@FoxNews,0.0,Thu Aug 23 16:16:46 +0000 2018,77
377,0.4767,0.658,0.086,@FoxNews,0.255,Thu Aug 23 16:13:16 +0000 2018,78
378,-0.6249,0.806,0.194,@FoxNews,0.0,Thu Aug 23 16:11:10 +0000 2018,79
379,0.0,1.0,0.0,@FoxNews,0.0,Thu Aug 23 16:04:44 +0000 2018,80
380,0.0,1.0,0.0,@FoxNews,0.0,Thu Aug 23 15:53:23 +0000 2018,81
381,0.0,1.0,0.0,@FoxNews,0.0,Thu Aug 23 15:46:00 +0000 2018,82
382,0.0,1.0,0.0,@FoxNews,0.0,Thu Aug 23 15:44:38 +0000 2018,83
383,-0.3182,0.657,0.202,@FoxNews,0.141,Thu Aug 23 15:30:48 +0000 2018,84
384,0.3612,0.783,0.0,@FoxNews,0.217,Thu Aug 23 15:30:00 +0000 2018,85
385,0.0,1.0,0.0,@FoxNews,0.0,Thu Aug 23 15:27:33 +0000 2018,86
386,0.0,1.0,0.0,@FoxNews,0.0,Thu Aug 23 15:07:20 +0000 2018,87
387,0.2263,0.661,0.172,@FoxNews,0.167,Thu Aug 23 15:03:39 +0000 2018,88
388,0.0,1.0,0.0,@FoxNews,0.0,Thu Aug 23 14:58:05 +0000 2018,89
389,0.0,1.0,0.0,@FoxNews,0.0,Thu Aug 23 14:54:03 +0000 2018,90
390,0.4939,0.766,0.0,@FoxNews,0.234,Thu Aug 23 14:46:40 +0000 2018,91
391,-0.6597,0.794,0.206,@FoxNews,0.0,Thu Aug 23 14:33:02 +0000 2018,92
392,-0.5994,0.754,0.246,@FoxNews,0.0,Thu Aug 23 14:25:43 +0000 2018,93
393,0.0,1.0,0.0,@FoxNews,0.0,Thu Aug 23 14:20:23 +0000 2018,94
394,0.0,1.0,0.0,@FoxNews,0.0,Thu Aug 23 14:15:43 +0000 2018,95
395,-0.5994,0.766,0.234,@FoxNews,0.0,Thu Aug 23 14:05:58 +0000 2018,96
396,-0.765,0.645,0.355,@FoxNews,0.0,Thu Aug 23 13:55:00 +0000 2018,97
397,-0.5994,0.813,0.187,@FoxNews,0.0,Thu Aug 23 13:45:00 +0000 2018,98
398,0.128,0.923,0.0,@FoxNews,0.077,Thu Aug 23 13:39:00 +0000 2018,99
399,0.0,1.0,0.0,@FoxNews,0.0,Thu Aug 23 13:30:00 +0000 2018,100
400,0.0,1.0,0.0,@NYTimes,0.0,Thu Aug 23 23:32:06 +0000 2018,1
401,-0.4567,0.8,0.2,@NYTimes,0.0,Thu Aug 23 23:18:06 +0000 2018,2
402,0.6249,0.661,0.0,@NYTimes,0.339,Thu Aug 23 23:02:05 +0000 2018,3
403,0.0,1.0,0.0,@NYTimes,0.0,Thu Aug 23 22:47:02 +0000 2018,4
404,0.0,1.0,0.0,@NYTimes,0.0,Thu Aug 23 22:32:04 +0000 2018,5
405,0.0,1.0,0.0,@NYTimes,0.0,Thu Aug 23 22:17:01 +0000 2018,6
406,-0.6369,0.755,0.245,@NYTimes,0.0,Thu Aug 23 22:02:03 +0000 2018,7
407,0.0,1.0,0.0,@NYTimes,0.0,Thu Aug 23 21:47:02 +0000 2018,8
408,-0.1027,0.733,0.147,@NYTimes,0.12,Thu Aug 23 21:32:04 +0000 2018,9
409,0.6908,0.778,0.0,@NYTimes,0.222,Thu Aug 23 21:15:05 +0000 2018,10
410,-0.3818,0.543,0.315,@NYTimes,0.141,Thu Aug 23 21:00:09 +0000 2018,11
411,-0.0553,0.613,0.198,@NYTimes,0.189,Thu Aug 23 20:45:06 +0000 2018,12
412,0.0,1.0,0.0,@NYTimes,0.0,Thu Aug 23 20:30:14 +0000 2018,13
413,0.0,1.0,0.0,@NYTimes,0.0,Thu Aug 23 20:15:04 +0000 2018,14
414,0.3094,0.883,0.0,@NYTimes,0.117,Thu Aug 23 20:00:11 +0000 2018,15
415,0.3804,0.885,0.0,@NYTimes,0.115,Thu Aug 23 19:45:13 +0000 2018,16
416,0.128,0.802,0.089,@NYTimes,0.11,Thu Aug 23 19:30:01 +0000 2018,17
417,0.0,1.0,0.0,@NYTimes,0.0,Thu Aug 23 19:16:04 +0000 2018,18
418,-0.296,0.885,0.115,@NYTimes,0.0,Thu Aug 23 19:00:04 +0000 2018,19
419,0.1779,0.703,0.168,@NYTimes,0.128,Thu Aug 23 18:45:05 +0000 2018,20
420,-0.4019,0.886,0.114,@NYTimes,0.0,Thu Aug 23 18:30:13 +0000 2018,21
421,0.6369,0.809,0.0,@NYTimes,0.191,Thu Aug 23 18:15:06 +0000 2018,22
422,0.0,1.0,0.0,@NYTimes,0.0,Thu Aug 23 18:00:47 +0000 2018,23
423,-0.4404,0.847,0.153,@NYTimes,0.0,Thu Aug 23 17:50:56 +0000 2018,24
424,-0.7717,0.691,0.309,@NYTimes,0.0,Thu Aug 23 17:45:02 +0000 2018,25
425,-0.5719,0.817,0.183,@NYTimes,0.0,Thu Aug 23 17:30:04 +0000 2018,26
426,0.0,1.0,0.0,@NYTimes,0.0,Thu Aug 23 17:15:05 +0000 2018,27
427,-0.7506,0.714,0.286,@NYTimes,0.0,Thu Aug 23 17:00:15 +0000 2018,28
428,0.0,1.0,0.0,@NYTimes,0.0,Thu Aug 23 16:45:05 +0000 2018,29
429,-0.5267,0.848,0.152,@NYTimes,0.0,Thu Aug 23 16:30:04 +0000 2018,30
430,0.5859,0.847,0.0,@NYTimes,0.153,Thu Aug 23 16:15:06 +0000 2018,31
431,-0.128,0.927,0.073,@NYTimes,0.0,Thu Aug 23 16:00:22 +0000 2018,32
432,-0.296,0.804,0.125,@NYTimes,0.071,Thu Aug 23 15:45:06 +0000 2018,33
433,0.1027,0.661,0.182,@NYTimes,0.157,Thu Aug 23 15:30:04 +0000 2018,34
434,0.0,1.0,0.0,@NYTimes,0.0,Thu Aug 23 15:15:06 +0000 2018,35
435,0.4939,0.842,0.0,@NYTimes,0.158,Thu Aug 23 15:00:07 +0000 2018,36
436,0.0,1.0,0.0,@NYTimes,0.0,Thu Aug 23 14:44:01 +0000 2018,37
437,0.4404,0.674,0.0,@NYTimes,0.326,Thu Aug 23 14:30:07 +0000 2018,38
438,0.7579,0.735,0.0,@NYTimes,0.265,Thu Aug 23 14:14:04 +0000 2018,39
439,0.0,1.0,0.0,@NYTimes,0.0,Thu Aug 23 14:00:19 +0000 2018,40
440,-0.3818,0.867,0.133,@NYTimes,0.0,Thu Aug 23 13:50:02 +0000 2018,41
441,-0.5994,0.786,0.214,@NYTimes,0.0,Thu Aug 23 13:42:04 +0000 2018,42
442,0.0,1.0,0.0,@NYTimes,0.0,Thu Aug 23 13:30:13 +0000 2018,43
443,0.0772,0.762,0.112,@NYTimes,0.126,Thu Aug 23 13:13:05 +0000 2018,44
444,0.0,1.0,0.0,@NYTimes,0.0,Thu Aug 23 13:10:07 +0000 2018,45
445,0.0,1.0,0.0,@NYTimes,0.0,Thu Aug 23 13:00:12 +0000 2018,46
446,-0.25,0.905,0.095,@NYTimes,0.0,Thu Aug 23 12:50:02 +0000 2018,47
447,0.2263,0.905,0.0,@NYTimes,0.095,Thu Aug 23 12:40:11 +0000 2018,48
448,-0.5106,0.82,0.18,@NYTimes,0.0,Thu Aug 23 12:30:16 +0000 2018,49
449,-0.4767,0.846,0.154,@NYTimes,0.0,Thu Aug 23 12:19:06 +0000 2018,50
450,0.128,0.718,0.129,@NYTimes,0.153,Thu Aug 23 12:11:03 +0000 2018,51
451,-0.6486,0.807,0.193,@NYTimes,0.0,Thu Aug 23 12:03:06 +0000 2018,52
452,-0.7184,0.727,0.273,@NYTimes,0.0,Thu Aug 23 11:50:00 +0000 2018,53
453,0.0,1.0,0.0,@NYTimes,0.0,Thu Aug 23 11:41:03 +0000 2018,54
454,0.4019,0.863,0.0,@NYTimes,0.137,Thu Aug 23 11:31:04 +0000 2018,55
455,0.2263,0.905,0.0,@NYTimes,0.095,Thu Aug 23 11:21:05 +0000 2018,56
456,0.0,1.0,0.0,@NYTimes,0.0,Thu Aug 23 11:11:04 +0000 2018,57
457,-0.1245,0.842,0.088,@NYTimes,0.069,Thu Aug 23 11:00:12 +0000 2018,58
458,0.0,1.0,0.0,@NYTimes,0.0,Thu Aug 23 10:44:06 +0000 2018,59
459,0.0,1.0,0.0,@NYTimes,0.0,Thu Aug 23 10:30:03 +0000 2018,60
460,-0.8885,0.582,0.418,@NYTimes,0.0,Thu Aug 23 10:14:03 +0000 2018,61
461,0.0,1.0,0.0,@NYTimes,0.0,Thu Aug 23 10:04:03 +0000 2018,62
462,0.0,1.0,0.0,@NYTimes,0.0,Thu Aug 23 09:44:08 +0000 2018,63
463,-0.2023,0.847,0.153,@NYTimes,0.0,Thu Aug 23 09:29:07 +0000 2018,64
464,0.6369,0.811,0.0,@NYTimes,0.189,Thu Aug 23 09:15:02 +0000 2018,65
465,0.0,1.0,0.0,@NYTimes,0.0,Thu Aug 23 09:00:05 +0000 2018,66
466,0.0,1.0,0.0,@NYTimes,0.0,Thu Aug 23 08:45:02 +0000 2018,67
467,-0.4588,0.85,0.15,@NYTimes,0.0,Thu Aug 23 08:30:03 +0000 2018,68
468,0.1779,0.78,0.093,@NYTimes,0.127,Thu Aug 23 08:15:04 +0000 2018,69
469,0.5719,0.821,0.0,@NYTimes,0.179,Thu Aug 23 08:00:14 +0000 2018,70
470,0.5574,0.841,0.0,@NYTimes,0.159,Thu Aug 23 07:52:16 +0000 2018,71
471,0.3182,0.897,0.0,@NYTimes,0.103,Thu Aug 23 07:45:02 +0000 2018,72
472,0.3182,0.813,0.0,@NYTimes,0.187,Thu Aug 23 07:30:09 +0000 2018,73
473,0.0,1.0,0.0,@NYTimes,0.0,Thu Aug 23 07:25:01 +0000 2018,74
474,0.0,1.0,0.0,@NYTimes,0.0,Thu Aug 23 07:15:05 +0000 2018,75
475,0.3818,0.62,0.161,@NYTimes,0.219,Thu Aug 23 07:00:03 +0000 2018,76
476,-0.7003,0.66,0.253,@NYTimes,0.087,Thu Aug 23 06:45:07 +0000 2018,77
477,-0.6113,0.834,0.166,@NYTimes,0.0,Thu Aug 23 06:30:13 +0000 2018,78
478,-0.2732,0.717,0.165,@NYTimes,0.118,Thu Aug 23 06:15:04 +0000 2018,79
479,0.1779,0.779,0.095,@NYTimes,0.126,Thu Aug 23 06:00:07 +0000 2018,80
480,0.0,1.0,0.0,@NYTimes,0.0,Thu Aug 23 05:45:06 +0000 2018,81
481,0.0,1.0,0.0,@NYTimes,0.0,Thu Aug 23 05:30:07 +0000 2018,82
482,0.4588,0.81,0.0,@NYTimes,0.19,Thu Aug 23 05:17:15 +0000 2018,83
483,0.6249,0.769,0.0,@NYTimes,0.231,Thu Aug 23 05:15:10 +0000 2018,84
484,-0.5267,0.833,0.167,@NYTimes,0.0,Thu Aug 23 05:02:00 +0000 2018,85
485,0.0,1.0,0.0,@NYTimes,0.0,Thu Aug 23 04:47:06 +0000 2018,86
486,0.5859,0.833,0.0,@NYTimes,0.167,Thu Aug 23 04:35:04 +0000 2018,87
487,-0.34,0.893,0.107,@NYTimes,0.0,Thu Aug 23 04:21:13 +0000 2018,88
488,-0.3321,0.889,0.111,@NYTimes,0.0,Thu Aug 23 04:17:03 +0000 2018,89
489,0.4019,0.727,0.087,@NYTimes,0.185,Thu Aug 23 04:07:24 +0000 2018,90
490,0.0,1.0,0.0,@NYTimes,0.0,Thu Aug 23 04:02:03 +0000 2018,91
491,0.4767,0.777,0.074,@NYTimes,0.148,Thu Aug 23 03:47:03 +0000 2018,92
492,-0.5106,0.829,0.171,@NYTimes,0.0,Thu Aug 23 03:32:01 +0000 2018,93
493,-0.765,0.769,0.231,@NYTimes,0.0,Thu Aug 23 03:17:03 +0000 2018,94
494,0.0,1.0,0.0,@NYTimes,0.0,Thu Aug 23 03:02:05 +0000 2018,95
495,0.3612,0.902,0.0,@NYTimes,0.098,Thu Aug 23 02:47:05 +0000 2018,96
496,-0.6113,0.826,0.174,@NYTimes,0.0,Thu Aug 23 02:32:05 +0000 2018,97
497,0.0,1.0,0.0,@NYTimes,0.0,Thu Aug 23 02:17:03 +0000 2018,98
498,0.0,1.0,0.0,@NYTimes,0.0,Thu Aug 23 02:02:06 +0000 2018,99
499,0.0,1.0,0.0,@NYTimes,0.0,Thu Aug 23 01:47:04 +0000 2018,100
500,-0.7964,0.693,0.307,@NPR,0.0,Thu Aug 23 23:33:00 +0000 2018,1
501,0.0,1.0,0.0,@NPR,0.0,Thu Aug 23 23:08:00 +0000 2018,2
502,0.1531,0.926,0.0,@NPR,0.074,Thu Aug 23 22:40:00 +0000 2018,3
503,0.0,1.0,0.0,@NPR,0.0,Thu Aug 23 22:13:00 +0000 2018,4
504,-0.296,0.896,0.104,@NPR,0.0,Thu Aug 23 21:55:00 +0000 2018,5
505,0.0,1.0,0.0,@NPR,0.0,Thu Aug 23 21:25:00 +0000 2018,6
506,-0.8625,0.625,0.375,@NPR,0.0,Thu Aug 23 21:09:39 +0000 2018,7
507,0.3818,0.885,0.0,@NPR,0.115,Thu Aug 23 21:00:01 +0000 2018,8
508,0.0,1.0,0.0,@NPR,0.0,Thu Aug 23 20:30:00 +0000 2018,9
509,0.0,1.0,0.0,@NPR,0.0,Thu Aug 23 20:26:20 +0000 2018,10
510,0.0,1.0,0.0,@NPR,0.0,Thu Aug 23 19:50:00 +0000 2018,11
511,0.0,1.0,0.0,@NPR,0.0,Thu Aug 23 19:31:05 +0000 2018,12
512,-0.128,0.927,0.073,@NPR,0.0,Thu Aug 23 19:25:00 +0000 2018,13
513,-0.296,0.901,0.099,@NPR,0.0,Thu Aug 23 18:55:00 +0000 2018,14
514,0.6908,0.737,0.0,@NPR,0.263,Thu Aug 23 18:25:00 +0000 2018,15
515,0.3612,0.71,0.104,@NPR,0.186,Thu Aug 23 17:58:45 +0000 2018,16
516,-0.6908,0.705,0.295,@NPR,0.0,Thu Aug 23 17:55:00 +0000 2018,17
517,-0.4404,0.854,0.146,@NPR,0.0,Thu Aug 23 17:20:36 +0000 2018,18
518,-0.836,0.579,0.374,@NPR,0.048,Thu Aug 23 17:12:00 +0000 2018,19
519,0.0,1.0,0.0,@NPR,0.0,Thu Aug 23 17:06:33 +0000 2018,20
520,0.0,1.0,0.0,@NPR,0.0,Thu Aug 23 17:06:33 +0000 2018,21
521,0.4767,0.838,0.0,@NPR,0.162,Thu Aug 23 17:06:32 +0000 2018,22
522,0.4466,0.853,0.0,@NPR,0.147,Thu Aug 23 17:06:32 +0000 2018,23
523,0.0,1.0,0.0,@NPR,0.0,Thu Aug 23 17:06:32 +0000 2018,24
524,0.0,1.0,0.0,@NPR,0.0,Thu Aug 23 16:56:04 +0000 2018,25
525,0.2732,0.838,0.0,@NPR,0.162,Thu Aug 23 16:47:49 +0000 2018,26
526,0.5267,0.591,0.127,@NPR,0.282,Thu Aug 23 16:47:17 +0000 2018,27
527,-0.2732,0.905,0.095,@NPR,0.0,Thu Aug 23 16:25:00 +0000 2018,28
528,0.5719,0.647,0.079,@NPR,0.273,Thu Aug 23 16:19:03 +0000 2018,29
529,0.128,0.919,0.0,@NPR,0.081,Thu Aug 23 16:00:00 +0000 2018,30
530,-0.7964,0.39,0.478,@NPR,0.132,Thu Aug 23 15:57:06 +0000 2018,31
531,-0.6759,0.783,0.217,@NPR,0.0,Thu Aug 23 15:35:00 +0000 2018,32
532,0.4019,0.87,0.0,@NPR,0.13,Thu Aug 23 15:10:00 +0000 2018,33
533,0.0,1.0,0.0,@NPR,0.0,Thu Aug 23 14:44:00 +0000 2018,34
534,0.0,1.0,0.0,@NPR,0.0,Thu Aug 23 14:15:00 +0000 2018,35
535,-0.5859,0.488,0.372,@NPR,0.14,Thu Aug 23 14:01:06 +0000 2018,36
536,0.0,1.0,0.0,@NPR,0.0,Thu Aug 23 13:52:00 +0000 2018,37
537,0.0,1.0,0.0,@NPR,0.0,Thu Aug 23 13:31:18 +0000 2018,38
538,0.4767,0.753,0.059,@NPR,0.188,Thu Aug 23 13:22:00 +0000 2018,39
539,0.0,1.0,0.0,@NPR,0.0,Thu Aug 23 13:21:21 +0000 2018,40
540,0.0,1.0,0.0,@NPR,0.0,Thu Aug 23 12:48:00 +0000 2018,41
541,0.4767,0.86,0.0,@NPR,0.14,Thu Aug 23 12:17:57 +0000 2018,42
542,-0.8225,0.397,0.603,@NPR,0.0,Thu Aug 23 12:02:08 +0000 2018,43
543,-0.7351,0.725,0.275,@NPR,0.0,Thu Aug 23 11:50:00 +0000 2018,44
544,0.5574,0.816,0.0,@NPR,0.184,Thu Aug 23 11:36:00 +0000 2018,45
545,0.34,0.882,0.0,@NPR,0.118,Thu Aug 23 11:20:00 +0000 2018,46
546,0.0516,0.748,0.142,@NPR,0.11,Thu Aug 23 11:09:00 +0000 2018,47
547,0.0,1.0,0.0,@NPR,0.0,Thu Aug 23 10:55:00 +0000 2018,48
548,-0.296,0.792,0.134,@NPR,0.074,Thu Aug 23 10:37:29 +0000 2018,49
549,0.4215,0.763,0.0,@NPR,0.237,Thu Aug 23 10:15:05 +0000 2018,50
550,0.0,1.0,0.0,@NPR,0.0,Thu Aug 23 08:46:05 +0000 2018,51
551,0.8316,0.683,0.0,@NPR,0.317,Thu Aug 23 08:05:00 +0000 2018,52
552,0.0,1.0,0.0,@NPR,0.0,Thu Aug 23 07:33:00 +0000 2018,53
553,0.0,1.0,0.0,@NPR,0.0,Thu Aug 23 07:04:00 +0000 2018,54
554,-0.0516,0.938,0.062,@NPR,0.0,Thu Aug 23 06:33:00 +0000 2018,55
555,0.4215,0.872,0.0,@NPR,0.128,Thu Aug 23 06:04:00 +0000 2018,56
556,-0.4588,0.676,0.23,@NPR,0.095,Thu Aug 23 05:34:00 +0000 2018,57
557,-0.6908,0.725,0.275,@NPR,0.0,Thu Aug 23 05:04:00 +0000 2018,58
558,-0.4215,0.66,0.212,@NPR,0.127,Thu Aug 23 04:34:03 +0000 2018,59
559,-0.7184,0.667,0.333,@NPR,0.0,Thu Aug 23 04:33:00 +0000 2018,60
560,0.5106,0.829,0.0,@NPR,0.171,Thu Aug 23 03:46:00 +0000 2018,61
561,0.0,1.0,0.0,@NPR,0.0,Thu Aug 23 03:41:03 +0000 2018,62
562,0.0,1.0,0.0,@NPR,0.0,Thu Aug 23 03:33:36 +0000 2018,63
563,0.6369,0.794,0.0,@NPR,0.206,Thu Aug 23 03:32:15 +0000 2018,64
564,0.2023,0.759,0.103,@NPR,0.138,Thu Aug 23 02:56:21 +0000 2018,65
565,0.4019,0.816,0.0,@NPR,0.184,Thu Aug 23 02:56:11 +0000 2018,66
566,-0.34,0.825,0.175,@NPR,0.0,Thu Aug 23 02:33:00 +0000 2018,67
567,-0.296,0.804,0.196,@NPR,0.0,Thu Aug 23 02:23:08 +0000 2018,68
568,0.0,1.0,0.0,@NPR,0.0,Thu Aug 23 02:03:26 +0000 2018,69
569,0.0,1.0,0.0,@NPR,0.0,Thu Aug 23 02:03:00 +0000 2018,70
570,-0.4588,0.85,0.15,@NPR,0.0,Thu Aug 23 01:33:00 +0000 2018,71
571,-0.91,0.286,0.714,@NPR,0.0,Thu Aug 23 01:19:45 +0000 2018,72
572,-0.4767,0.853,0.147,@NPR,0.0,Thu Aug 23 01:16:36 +0000 2018,73
573,-0.296,0.684,0.184,@NPR,0.132,Thu Aug 23 01:03:00 +0000 2018,74
574,-0.1027,0.647,0.159,@NPR,0.194,Thu Aug 23 00:39:20 +0000 2018,75
575,-0.7906,0.708,0.292,@NPR,0.0,Thu Aug 23 00:33:01 +0000 2018,76
576,0.4215,0.865,0.0,@NPR,0.135,Thu Aug 23 00:04:00 +0000 2018,77
577,0.9371,0.565,0.0,@NPR,0.435,Wed Aug 22 23:33:15 +0000 2018,78
578,-0.34,0.888,0.112,@NPR,0.0,Wed Aug 22 23:33:00 +0000 2018,79
579,0.4019,0.787,0.0,@NPR,0.213,Wed Aug 22 23:07:04 +0000 2018,80
580,-0.6012,0.803,0.197,@NPR,0.0,Wed Aug 22 23:00:05 +0000 2018,81
581,-0.5499,0.866,0.134,@NPR,0.0,Wed Aug 22 22:58:46 +0000 2018,82
582,0.4215,0.865,0.0,@NPR,0.135,Wed Aug 22 22:58:29 +0000 2018,83
583,0.0,1.0,0.0,@NPR,0.0,Wed Aug 22 22:56:05 +0000 2018,84
584,0.8553,0.56,0.056,@NPR,0.384,Wed Aug 22 22:25:00 +0000 2018,85
585,0.0,1.0,0.0,@NPR,0.0,Wed Aug 22 22:00:00 +0000 2018,86
586,0.0,1.0,0.0,@NPR,0.0,Wed Aug 22 21:30:00 +0000 2018,87
587,-0.4767,0.881,0.119,@NPR,0.0,Wed Aug 22 21:21:18 +0000 2018,88
588,0.0,1.0,0.0,@NPR,0.0,Wed Aug 22 21:00:00 +0000 2018,89
589,-0.4588,0.864,0.136,@NPR,0.0,Wed Aug 22 20:54:47 +0000 2018,90
590,-0.34,0.888,0.112,@NPR,0.0,Wed Aug 22 20:33:00 +0000 2018,91
591,-0.6597,0.649,0.351,@NPR,0.0,Wed Aug 22 20:15:07 +0000 2018,92
592,-0.7351,0.53,0.47,@NPR,0.0,Wed Aug 22 20:07:05 +0000 2018,93
593,-0.4215,0.817,0.183,@NPR,0.0,Wed Aug 22 19:44:42 +0000 2018,94
594,-0.4215,0.865,0.135,@NPR,0.0,Wed Aug 22 19:43:32 +0000 2018,95
595,-0.25,0.611,0.214,@NPR,0.176,Wed Aug 22 19:30:00 +0000 2018,96
596,0.0,1.0,0.0,@NPR,0.0,Wed Aug 22 19:30:00 +0000 2018,97
597,0.0,1.0,0.0,@NPR,0.0,Wed Aug 22 19:00:01 +0000 2018,98
598,0.0,1.0,0.0,@NPR,0.0,Wed Aug 22 18:59:21 +0000 2018,99
599,-0.6872,0.553,0.447,@NPR,0.0,Wed Aug 22 18:53:05 +0000 2018,100
